Title,Price,Rating,Image,Result Type
"HP Smartchoice Omnibook 5 OLED (Previously Pavilion), Snapdragon X Processor (16GB LPDDR5x,1TB SSD) 2K OLED,16''/40.6cm, Win11, M365(1yr)*Office24, Glacier Silver, 1.59kg, fb0001QU,Next-Gen AI Laptop",67940,4.2 out of 5 stars,https://m.media-amazon.com/images/I/71IdAMTOjZL._AC_UY218_.jpg,Ad
"ASUS Vivobook 16, Smartchoice, Intel Core Ultra 5 Series 2, 16GB RAM, 512GB SSD, FHD+ 16"", Windows 11, Office Home 2024, Silver, 1.88kg, X1607CA-MB142WS, Intel iGPU, M365 Basic (1Year)* Laptop",67990,4.4 out of 5 stars,https://m.media-amazon.com/images/I/714zVJcMt5L._AC_UY218_.jpg,Ad
"Apple 2026 MacBook Neo 13″ Laptop with A18 Pro chip: Built for AI and Apple Intelligence, Liquid Retina Display, 8GB Unified Memory, 256GB SSD Storage, 1080p FaceTime HD Camera; Indigo",65000,4.7 out of 5 stars,https://m.media-amazon.com/images/I/61vTx-Qa1QL._AC_UY218_.jpg,Organic
"Dell 15 (Previously Inspiron) Laptop, 14th Gen Intel Core i3/Core 3 100U Processor, 8GB DDR4, 512 SSD, 15.6"" FHD 120Hz IPS 250 nit Display, Win 11 + Office H&S 2024, Carbon Black, Thin & Light 1.63Kg",46490,4.1 out of 5 stars,https://m.media-amazon.com/images/I/717WZ7WriwL._AC_UY218_.jpg,Organic
"ASUS TUF A15 (2025), AMD Ryzen 7 7445HS,RTX 3050-4GB,75W TGP,16GB DDR5(Upgradeable Upto 64GB) 512GB SSD,FHD,15.6"",144Hz,RGB Keyboard,Windows 11,Graphite Black,2.3 Kg FA506NCG-HN199W, Gaming Laptop",68990,4.3 out of 5 stars,https://m.media-amazon.com/images/I/71K4CpdfmHL._AC_UY218_.jpg,Organic
"Lenovo V15 G4 AMD Athlon Silver 7120U Laptop 8GB LPDDR5 Ram, 512 GB SSD PCIe, Windows 11 Lifetime Validity,15.6"" FHD Screen, AMD Radeon 610M, Silver, 1 Year Brand Warranty",42999,4.0 out of 5 stars,https://m.media-amazon.com/images/I/61AccNkmFFL._AC_UY218_.jpg,Organic
"HP Victus, AMD Ryzen 7 7445HS, 6GB RTX 4050, 16GB DDR5(Upgradeable) 512GB SSD, 144Hz, IPS, 300nits, FHD, 15.6''/39.6cm, Win11, M365* Office24, Blue, 2.29kg, fb3130AX, Backlit, DTS Audio, Gaming Laptop",89990,4.2 out of 5 stars,https://m.media-amazon.com/images/I/71r2ySSfgBL._AC_UY218_.jpg,Organic
"Dell 15, Intel Core i3/Core 3 14th Gen-100U, 16GB DDR4, 512GB SSD, FHD IPS, 15.6""/39.62cm, Windows 11, Microsoft Office Home 2024, Carbon Black, 1.63Kg, Thin & Light, Laptop Model NO - Dell 15 DCU5250",49490,3.7 out of 5 stars,https://m.media-amazon.com/images/I/71I4NoKj-oL._AC_UY218_.jpg,Organic
"ASUS Vivobook 15, Smartchoice, AMD Ryzen 7 5825U, 16GB RAM, 512GB SSD, FHD 15.6"", Windows 11, Office Home 2024, Quiet Blue, 1.7Kg, M1502YA-BQ703WS, AMD Radeon iGPU, M365 Basic (1Year)*, 42Whr Laptop",54990,4.0 out of 5 stars,https://m.media-amazon.com/images/I/71zMooVIVAL._AC_UY218_.jpg,Organic
"HP Smartchoice OmniBook 5 OLED (Previously Pavilion), Snapdragon X Processor (16GB LPDDR5x, 512GB SSD) 2K, 14''/35.6cm, Win11, M365(1yr)* Office24, Silver, 1.35kg, he0014QU, Next-Gen AI Laptop",79990,4.2 out of 5 stars,https://m.media-amazon.com/images/I/71ZlIDunitL._AC_UY218_.jpg,Organic
"HP 15, Intel Core Ultra 5 125H (16GB DDR5, 1TB SSD) FHD, IPS, 15.6''/39.6cm, Win11, M365 Basic(1yr)*Office24, Silver, 1.65kg, fd1354TU, Intel Arc Graphics, FHD Camera w/Shutter, AI Powered Laptop",79990,3.8 out of 5 stars,https://m.media-amazon.com/images/I/71dyfY6G0aL._AC_UY218_.jpg,Ad
"Primebook 2 Max (2026) | 8GB RAM, 256GB UFS Storage | 15.6-Inch Full HD IPS Display | 12hrs Battery | MediaTek Helio G99 | Android 15 (PrimeOS 3.0) | Backlit Keyboard | in-Built AI (Gray)",28990,4.3 out of 5 stars,https://m.media-amazon.com/images/I/51JTBldTCXL._AC_UY218_.jpg,Ad
"Lenovo Ideapad Slim 3, 13th Gen Intel Core i7 13620H, 16GB RAM, 512GB SSD, WUXGA IPS, 15.3""/38.8cm, Win 11, Office 2024, Top Metal Cover Grey, 1.6Kg, 83K100CJIN/S1IN, Backlit KB, Laptop",81390,4.1 out of 5 stars,https://m.media-amazon.com/images/I/71IjxF4prWL._AC_UY218_.jpg,Organic
"Lenovo V15 G4 AMD Ryzen 5 7520U 15.6 inch FHD Laptop, AMD Graphics, 16GB DDR5 5500Mhz Ram, 512GB SSD NVMe, Windows 11, Dolby Audio, Arctic Grey, 1 Year Onsite Brand Warranty",54790,4.0 out of 5 stars,https://m.media-amazon.com/images/I/71aup0IO2ZL._AC_UY218_.jpg,Organic
"Apple 2026 MacBook Neo 13″ Laptop with A18 Pro chip: Built for AI and Apple Intelligence, Liquid Retina Display, 8GB Unified Memory, 256GB SSD Storage, 1080p FaceTime HD Camera; Citrus",65000,4.7 out of 5 stars,https://m.media-amazon.com/images/I/61N2I4e0PNL._AC_UY218_.jpg,Organic
"ASUS Vivobook 15, Smartchoice,Intel Core i3 13th Gen 1315U, 16GB RAM, 512GB SSD, FHD 15.6"", Touchscreen, Win11, Office 24, M365 Basic (1Y), Quiet Blue, 1.7Kg, X1504VA-E83959WS, Intel UHD iGPU, Laptop",54990,4.3 out of 5 stars,https://m.media-amazon.com/images/I/61LN3yfrpfL._AC_UY218_.jpg,Organic
"Lenovo Chromebook Intel Celeron N4500 (4GB RAM/64GB eMMC 5.1/11.6 Inch (29.46cm)/HD Display/2Wx2 Stereo Speakers/HD Camera/Chrome OS/Blue/1.21Kg), 82UY0014HA",21990,3.9 out of 5 stars,https://m.media-amazon.com/images/I/61aQ9BYq89L._AC_UY218_.jpg,Organic
"Acer Aspire 3 Laptop Intel Core Celeron N4500 Processor Laptop (8 GB LPDDR4X SDRAM/256 GB SSD/Win11 Home/38 WHR/HD Webcam) A325-45 with 39.63 cm (15.6"") HD Display, Pure Silver, 1.5 KG",36990,3.6 out of 5 stars,https://m.media-amazon.com/images/I/41bdNUDc8pL._AC_UY218_.jpg,Organic
"HP 15 (2026), Refrbishd AMD Ryzen 5 Hexa Core 7535U - (8 GB DDR5/512 GB SSD/) Thin and Light Business Laptop/15.6"" FHD Display/Turbo Silver/1.5kg",49600,5.0 out of 5 stars,https://m.media-amazon.com/images/I/71vF+WK+vrL._AC_UY218_.jpg,Organic
"ASUS Zenbook 14 (2026),Smartchoice,Intel Core Ultra 9 285H,32GB RAM,1TB SSD,OLED,Touchscreen,14""(35.5 cm),Win 11,M365 Basic(1Y)* Office 24,Foggy Silver,1.28 Kg,UX3405CA-QL1113WS,Thin & Light Laptop","1,24,990",N/A,https://m.media-amazon.com/images/I/61tjQ9CkAhL._AC_UY218_.jpg,Organic
"Samsung Galaxy Book6 (Gray, 16GB RAM, 512GB SSD) | Intel Core Ultra 7 (Series 3) | 16"" WUXGA+ Display with Touchscreen | 24Hrs Battery Life | 120 Hz Refresh Rate | Dolby Atmos Stereo Speakers | AI PC","1,29,490",2.4 out of 5 stars,https://m.media-amazon.com/images/I/71efDx+EJBL._AC_UY218_.jpg,Ad
"Lenovo LOQ 2024 12th Gen Core i5-12450HX | NVIDIA RTX 3050 6GB (16GB RAM/512GB SSD/15.6"" (39.6cm)/Windows 11/Office Home 2024/100% sRGB/3 Mon. Game Pass/Grey/2.4Kg), 83GS00LNIN Gaming Laptop",81000,4.0 out of 5 stars,https://m.media-amazon.com/images/I/81xQ0Y1ZwfL._AC_UY218_.jpg,Ad
